model,a,b
1M (ctx=128),30.86537476284048,-221.9217597850303
5M (ctx=512),9.716219500718296,-50.79633662244862
10M (ctx=1024),7.7097251478900715,-35.295270831914266
